"id";"date";"truck_id";"nbags";"net_weight";"origin";"supplier";"moisture";"nut_count";"outturn";"defective";"price";"year";"month";"day";"avg_wpb"
1;"2015-03-05";1;567;40597;66;119;11.3;191.0;48.4;10.25;"";2015;3;5;71.59964726631394
2;"2015-03-09";2;226;20253;82;123;12.6;184.0;48.22;8.9;"";2015;3;9;89.61504424778761
3;"2015-03-10";3;506;38878;51;15;10.1;194.0;45.76;10.9;"";2015;3;10;76.83399209486166
4;"2015-03-11";4;422;39354;47;66;10.0;183.0;48.93;9.1;"";2015;3;11;93.25592417061611
5;"2015-03-11";5;555;40009;66;119;11.3;193.0;46.29;12.65;"";2015;3;11;72.08828828828828
6;"2015-03-12";6;485;40819;31;15;9.3;183.0;45.58;11.7;"";2015;3;12;84.16288659793814
7;"2015-03-12";7;453;40751;52;53;12.3;191.0;47.78;10.6;"";2015;3;12;89.95805739514348
8;"2015-03-12";8;430;40218;6;19;10.7;188.0;48.75;7.85;"";2015;3;12;93.53023255813953
9;"2015-03-13";9;385;35383;9;84;9.9;179.0;48.31;8.25;"";2015;3;13;91.9038961038961
10;"2015-03-13";10;389;34511;66;122;13.3;195.0;47.43;12.35;"";2015;3;13;88.7172236503856
11;"2015-03-14";11;441;39947;76;66;9.76;200.0;47.34;10.75;"";2015;3;14;90.58276643990929
12;"2015-03-16";9;390;35866;9;84;11.8;177.0;46.64;10.4;"";2015;3;16;91.96410256410256
13;"2015-03-16";12;378;34950;9;75;9.88;189.0;48.58;9.2;"";2015;3;16;92.46031746031746
14;"2015-03-16";13;489;37155;66;119;8.36;198.0;48.66;8.0;"";2015;3;16;75.98159509202453
15;"2015-03-16";14;423;39093;78;15;11.47;175.0;46.73;11.0;"";2015;3;16;92.41843971631205
16;"2015-03-18";15;397;38039;52;53;11.4;176.0;48.22;9.0;"";2015;3;18;95.816120906801
17;"2015-03-19";16;206;18878;76;83;15.0;185.0;48.75;9.65;"";2015;3;19;91.64077669902913
18;"2015-03-19";9;436;35116;9;84;11.6;188.0;48.22;7.4;"";2015;3;19;80.54128440366972
19;"2015-03-19";17;454;40362;53;123;11.8;175.0;47.08;9.1;"";2015;3;19;88.90308370044053
20;"2015-03-19";18;466;40654;19;123;13.6;172.0;46.72;10.8;"";2015;3;19;87.24034334763948
21;"2015-03-19";19;387;34769;9;75;9.13;177.0;48.49;7.5;"";2015;3;19;89.8423772609819
22;"2015-03-23";19;380;34380;9;75;12.86;176.0;47.43;9.45;"";2015;3;23;90.47368421052632
23;"2015-03-23";20;516;41300;11;14;7.3;178.0;49.01;8.1;"";2015;3;23;80.03875968992249
24;"2015-03-23";21;412;34936;60;118;15.0;166.0;45.94;10.45;"";2015;3;23;84.79611650485437
25;"2015-03-23";22;468;35940;66;119;9.8;193.0;48.31;9.5;"";2015;3;23;76.7948717948718
26;"2015-03-23";9;434;34950;9;84;11.3;174.0;47.87;8.7;"";2015;3;23;80.52995391705069
27;"2015-03-23";23;397;35111;9;84;11.8;165.0;47.78;7.8;"";2015;3;23;88.44080604534005
28;"2015-03-23";24;367;36093;3;19;8.73;180.0;44.61;13.4;"";2015;3;23;98.34604904632153
29;"2015-03-23";25;306;26238;41;21;13.8;182.0;43.29;15.8;"";2015;3;23;85.74509803921569
30;"2015-03-23";26;403;36869;55;117;7.1;204.0;47.25;7.6;"";2015;3;23;91.4863523573201
31;"2015-03-24";27;447;39981;19;54;13.33;175.5;44.97;14.8;"";2015;3;24;89.44295302013423
32;"2015-03-24";28;445;39571;9;75;11.4;177.0;48.14;7.9;"";2015;3;24;88.92359550561798
33;"2015-03-25";14;448;39500;78;111;19.0;168.0;46.46;9.95;"";2015;3;25;88.16964285714286
34;"2015-03-25";29;457;40571;20;17;16.0;170.0;46.81;13.0;"";2015;3;25;88.77680525164114
35;"2015-03-25";30;504;45140;75;14;9.6;192.0;45.23;9.4;"";2015;3;25;89.56349206349206
36;"2015-03-25";23;411;35261;9;84;16.73;177.0;47.34;9.15;"";2015;3;25;85.79318734793188
37;"2015-03-26";31;405;35379;9;84;16.76;178.0;47.78;8.6;"";2015;3;26;87.35555555555555
38;"2015-03-27";12;356;34888;9;75;9.0;205.0;47.61;9.45;"";2015;3;27;98.0
39;"2015-03-27";32;428;37816;17;110;11.1;187.0;48.75;7.7;"";2015;3;27;88.35514018691589
40;"2015-03-27";33;399;34513;45;16;14.0;182.0;48.22;10.75;"";2015;3;27;86.49874686716792
41;"2015-03-27";34;453;38619;43;56;13.2;178.0;47.87;10.1;"";2015;3;27;85.25165562913908
42;"2015-03-27";35;444;40968;52;66;12.2;172.0;46.2;11.7;"";2015;3;27;92.27027027027027
43;"2015-03-27";36;272;25512;63;66;12.16;197.0;48.57;8.1;"";2015;3;27;93.79411764705883
44;"2015-03-27";23;360;35392;9;84;16.63;175.0;47.25;8.3;"";2015;3;27;98.31111111111112
45;"2015-03-27";37;441;37299;60;55;14.16;177.0;45.23;12.3;"";2015;3;27;84.578231292517
46;"2015-03-28";9;389;35403;9;84;13.3;176.0;48.13;7.7;"";2015;3;28;91.01028277634961
47;"2015-03-28";38;473;40331;60;128;7.76;186.0;45.76;11.8;"";2015;3;28;85.26638477801268
48;"2015-03-28";39;439;37213;60;128;7.3;182.0;45.94;12.1;"";2015;3;28;84.76765375854214
49;"2015-03-28";40;433;34259;66;119;13.16;186.0;45.14;9.5;"";2015;3;28;79.12009237875289
50;"2015-03-30";23;399;35213;9;84;15.14;175.0;48.22;8.8;"";2015;3;30;88.2531328320802
51;"2015-03-30";41;398;34110;9;84;13.56;179.0;47.17;9.3;"";2015;3;30;85.7035175879397
52;"2015-03-30";42;399;34625;9;75;16.56;193.0;46.99;12.3;"";2015;3;30;86.77944862155388
53;"2015-03-30";43;408;39256;28;112;14.93;186.0;47.43;11.5;"";2015;3;30;96.2156862745098
54;"2015-03-30";44;434;39154;79;116;11.1;192.0;45.14;14.45;"";2015;3;30;90.21658986175115
55;"2015-03-30";45;357;31587;66;119;13.76;174.0;46.46;10.4;"";2015;3;30;88.47899159663865
56;"2015-03-30";46;223;20277;30;18;9.36;186.0;48.05;8.1;"";2015;3;30;90.92825112107623
57;"2015-03-30";18;446;39882;20;114;15.33;170.0;46.37;9.15;"";2015;3;30;89.42152466367713
58;"2015-03-30";47;436;39024;20;114;11.26;186.0;47.08;8.95;"";2015;3;30;89.5045871559633
59;"2015-03-31";48;155;14609;32;36;11.1;185.0;47.96;8.7;"";2015;3;31;94.2516129032258
60;"2015-03-31";19;375;34477;9;75;11.1;185.0;47.87;8.9;"";2015;3;31;91.93866666666666
61;"2015-03-31";49;339;30425;14;93;14.76;175.0;45.58;9.6;"";2015;3;31;89.74926253687316
62;"2015-03-31";27;444;39540;20;54;13.56;175.0;47.08;10.8;"";2015;3;31;89.05405405405405
63;"2015-03-31";50;447;36709;11;14;14.43;184.0;46.11;10.4;"";2015;3;31;82.12304250559284
64;"2015-03-31";51;448;39652;60;118;10.63;178.0;46.72;10.35;"";2015;3;31;88.50892857142857
65;"2015-03-31";52;443;39753;72;15;11.96;149.0;45.06;12.5;"";2015;3;31;89.73589164785552
66;"2015-03-31";53;442;37710;66;119;13.36;186.0;47.1;8.7;"";2015;3;31;85.31674208144797
67;"2015-03-31";54;401;36579;73;62;12.2;193.0;49.81;8.4;"";2015;3;31;91.21945137157107
68;"2015-04-01";55;420;36632;63;62;19.2;204.0;49.02;11.6;"";2015;4;1;87.21904761904761
69;"2015-04-01";56;430;39282;9;75;13.0;189.0;47.08;10.4;"";2015;4;1;91.35348837209303
70;"2015-04-02";57;430;39286;60;86;16.2;167.0;46.11;9.85;"";2015;4;2;91.36279069767441
71;"2015-04-02";23;396;34720;9;84;14.0;173.0;49.02;7.3;"";2015;4;2;87.67676767676768
72;"2015-04-02";58;549;44071;75;14;6.33;193.0;46.52;13.55;"";2015;4;2;80.27504553734062
73;"2015-04-02";59;449;34963;73;62;14.56;190.0;47.08;13.55;"";2015;4;2;77.86859688195992
74;"2015-04-02";60;370;32770;9;84;13.26;162.0;48.84;6.0;"";2015;4;2;88.56756756756756
75;"2015-04-02";61;436;39360;17;86;11.13;171.0;46.9;8.05;"";2015;4;2;90.27522935779817
76;"2015-04-03";62;484;40264;60;86;11.3;175.0;46.02;11.3;"";2015;4;3;83.1900826446281
77;"2015-04-03";63;453;39827;5;9;17.0;190.0;44.08;19.1;"";2015;4;3;87.91832229580574
78;"2015-04-03";9;376;35104;9;84;16.86;179.0;49.02;6.9;"";2015;4;3;93.36170212765957
79;"2015-04-04";64;440;39716;34;86;12.8;182.0;45.76;12.7;"";2015;4;4;90.26363636363637
80;"2015-04-04";65;443;39817;9;75;14.7;189.0;47.08;9.35;"";2015;4;4;89.8803611738149
81;"2015-04-04";66;447;39773;24;127;7.73;185.0;46.64;7.8;"";2015;4;4;88.97762863534676
82;"2015-04-04";67;424;37876;19;114;12.6;161.0;47.52;8.4;"";2015;4;4;89.33018867924528
83;"2015-04-04";68;493;41275;11;14;10.73;185.0;47.26;10.7;"";2015;4;4;83.72210953346855
84;"2015-04-05";23;379;33929;9;84;17.4;179.0;48.57;9.05;"";2015;4;5;89.52242744063325
85;"2015-04-05";12;395;35489;9;75;14.8;178.0;47.08;8.05;"";2015;4;5;89.84556962025316
86;"2015-04-05";69;374;34170;41;52;15.23;176.0;47.17;10.8;"";2015;4;5;91.36363636363636
87;"2015-04-06";70;431;38553;49;66;15.7;187.0;48.05;9.75;"";2015;4;6;89.45011600928075
88;"2015-04-06";71;428;38564;52;66;13.0;161.0;48.14;9.85;"";2015;4;6;90.10280373831776
89;"2015-04-07";72;461;40487;75;14;10.16;181.0;46.9;9.4;"";2015;4;7;87.82429501084599
90;"2015-04-07";73;451;39301;4;115;14.26;191.0;48.4;7.95;"";2015;4;7;87.14190687361419
91;"2015-04-07";74;449;39983;9;75;14.53;185.0;46.99;10.5;"";2015;4;7;89.04899777282851
92;"2015-04-07";9;385;34375;9;84;14.6;186.0;47.08;9.0;"";2015;4;7;89.28571428571429
93;"2015-04-07";75;460;39432;50;109;6.83;178.0;47.52;9.9;"";2015;4;7;85.72173913043478
94;"2015-04-07";45;378;34690;66;119;17.36;177.0;46.99;8.85;"";2015;4;7;91.77248677248677
95;"2015-04-07";5;528;39076;66;119;13.53;201.0;45.05;15.58;"";2015;4;7;74.00757575757575
96;"2015-04-08";14;452;39648;12;113;9.56;191.0;49.01;7.0;"";2015;4;8;87.71681415929204
97;"2015-04-08";76;437;38643;64;114;14.53;191.0;43.82;16.9;"";2015;4;8;88.4279176201373
98;"2015-04-08";1;431;38905;66;119;13.93;187.0;43.12;18.0;"";2015;4;8;90.26682134570765
99;"2015-04-08";77;459;40769;9;75;12.9;185.0;46.55;10.0;"";2015;4;8;88.82135076252723
100;"2015-04-09";61;462;39878;17;51;9.7;175.0;47.6;9.8;"";2015;4;9;86.31601731601732
101;"2015-04-09";23;389;33563;9;84;13.5;183.0;47.52;10.3;"";2015;4;9;86.280205655527
102;"2015-04-09";39;389;34711;3;7;10.33;180.0;46.02;11.05;"";2015;4;9;89.23136246786632
103;"2015-04-09";27;430;40086;19;54;9.93;185.0;47.08;9.1;"";2015;4;9;93.22325581395349
104;"2015-04-09";15;403;38305;29;53;10.2;171.0;45.05;10.1;"";2015;4;9;95.04962779156328
105;"2015-04-09";18;445;40671;19;114;14.9;171.0;46.9;9.4;"";2015;4;9;91.39550561797753
106;"2015-04-09";78;455;41145;60;8;8.3;178.0;46.9;9.6;"";2015;4;9;90.42857142857143
107;"2015-04-10";79;424;39804;72;18;10.93;143.0;47.08;9.35;"";2015;4;10;93.87735849056604
108;"2015-04-10";80;395;37025;9;84;20.56;184.0;46.99;12.4;"";2015;4;10;93.73417721518987
109;"2015-04-10";81;360;31924;24;127;7.96;190.0;48.13;7.35;"";2015;4;10;88.67777777777778
110;"2015-04-10";82;439;39805;27;54;14.73;175.0;48.49;7.45;"";2015;4;10;90.67198177676538
111;"2015-04-10";83;502;39318;60;118;10.75;175.0;44.97;13.5;"";2015;4;10;78.32270916334662
112;"2015-04-10";84;455;39777;60;118;10.23;175.0;48.05;9.2;"";2015;4;10;87.42197802197802
113;"2015-04-10";12;404;35280;9;75;16.8;179.0;48.05;9.7;"";2015;4;10;87.32673267326733
114;"2015-04-11";85;417;35827;9;84;12.96;201.0;47.52;12.9;"";2015;4;11;85.91606714628297
115;"2015-04-11";43;441;39351;82;114;13.2;163.0;47.08;8.95;"";2015;4;11;89.2312925170068
116;"2015-04-11";28;463;40429;9;75;17.0;196.0;49.1;7.3;"";2015;4;11;87.31965442764579
117;"2015-04-13";86;533;41519;66;119;15.36;189.0;43.21;16.85;"";2015;4;13;77.89681050656661
118;"2015-04-13";87;456;40420;20;54;12.9;164.0;46.02;10.45;"";2015;4;13;88.64035087719299
119;"2015-04-13";23;397;35283;9;84;14.73;180.0;48.93;7.8;"";2015;4;13;88.87405541561712
120;"2015-04-13";9;408;35552;9;84;16.8;183.0;46.11;12.8;"";2015;4;13;87.13725490196079
121;"2015-04-14";20;505;42123;11;14;13.26;185.0;45.06;15.1;"";2015;4;14;83.41188118811881
122;"2015-04-14";88;441;39759;60;118;11.23;172.0;48.66;7.0;"";2015;4;14;90.15646258503402
123;"2015-04-15";89;444;36740;1;62;13.26;201.0;45.14;18.5;"";2015;4;15;82.74774774774775
124;"2015-04-15";65;452;40144;9;75;14.26;194.0;47.43;8.35;"";2015;4;15;88.8141592920354
125;"2015-04-15";14;436;39140;82;18;14.2;174.0;48.84;7.4;"";2015;4;15;89.77064220183486
126;"2015-04-15";12;391;34625;9;75;11.73;190.0;48.84;7.7;"";2015;4;15;88.55498721227622
127;"2015-04-16";28;450;40138;9;75;16.1;187.0;48.4;9.3;"";2015;4;16;89.19555555555556
128;"2015-04-16";90;356;31652;60;118;11.5;175.0;48.22;7.35;"";2015;4;16;88.91011235955057
129;"2015-04-16";91;455;40685;42;18;13.83;179.0;46.02;9.0;"";2015;4;16;89.41758241758242
130;"2015-04-17";43;432;38684;20;114;9.46;161.0;47.17;8.4;"";2015;4;17;89.54629629629629
131;"2015-04-17";9;412;35716;9;84;16.9;183.0;48.14;8.25;"";2015;4;17;86.68932038834951
132;"2015-04-17";92;464;39984;43;9;14.16;171.0;47.08;10.2;"";2015;4;17;86.17241379310344
133;"2015-04-17";23;415;34897;9;84;18.36;200.0;47.6;11.7;"";2015;4;17;84.08915662650602
134;"2015-04-17";93;450;38874;9;84;9.93;184.0;46.55;13.2;"";2015;4;17;86.38666666666667
135;"2015-04-17";94;250;17950;66;119;16.26;192.0;47.69;9.5;"";2015;4;17;71.8
136;"2015-04-18";95;465;41231;2;127;19.1;201.0;45.94;16.0;"";2015;4;18;88.66881720430108
137;"2015-04-18";96;454;39458;66;119;8.3;197.0;46.64;13.0;"";2015;4;18;86.91189427312776
138;"2015-04-18";45;364;31668;23;121;12.0;180.0;48.84;7.1;"";2015;4;18;87.0
139;"2015-04-18";72;436;40764;75;14;8.46;204.0;46.82;9.5;"";2015;4;18;93.4954128440367
140;"2015-04-18";97;451;40789;75;14;8.33;202.0;48.05;9.05;"";2015;4;18;90.44124168514412
141;"2015-04-18";19;392;34740;9;75;13.33;187.0;48.05;7.45;"";2015;4;18;88.62244897959184
142;"2015-04-18";98;455;41577;60;66;9.03;180.0;48.22;8.85;"";2015;4;18;91.37802197802198
143;"2015-04-20";52;434;38854;70;18;7.7;166.0;47.17;8.5;"";2015;4;20;89.52534562211981
144;"2015-04-20";99;369;33159;60;118;12.0;174.0;47.52;8.3;"";2015;4;20;89.86178861788618
145;"2015-04-20";63;486;41002;46;115;13.46;186.0;47.08;7.4;"";2015;4;20;84.36625514403292
146;"2015-04-20";100;107;9829;32;35;9.83;180.0;46.11;10.2;"";2015;4;20;91.85981308411215
147;"2015-04-20";21;394;37502;29;53;11.7;184.0;47.08;6.9;"";2015;4;20;95.18274111675127
148;"2015-04-20";89;380;35308;22;53;12.2;179.0;46.99;8.6;"";2015;4;20;92.91578947368421
149;"2015-04-20";101;434;37766;80;62;14.76;200.0;48.75;9.85;"";2015;4;20;87.0184331797235
150;"2015-04-21";49;419;36221;31;14;10.26;188.0;48.05;7.5;"";2015;4;21;86.44630071599045
151;"2015-04-21";12;398;35270;9;75;12.03;189.0;47.87;6.8;"";2015;4;21;88.61809045226131
152;"2015-04-21";15;437;39643;69;53;8.33;175.0;46.82;9.33;"";2015;4;21;90.7162471395881
153;"2015-04-22";102;412;41048;60;8;8.0;175.0;47.7;8.05;"";2015;4;22;99.63106796116504
154;"2015-04-22";103;475;40925;82;115;15.13;170.0;46.64;9.95;"";2015;4;22;86.15789473684211
155;"2015-04-22";9;407;36261;9;84;12.56;201.0;45.49;13.1;"";2015;4;22;89.0933660933661
156;"2015-04-22";90;420;33712;1;62;15.63;201.0;47.26;17.0;"";2015;4;22;80.26666666666667
157;"2015-04-22";58;429;39491;75;14;7.96;192.0;47.08;9.5;"";2015;4;22;92.05361305361305
158;"2015-04-22";104;465;39375;66;119;8.53;178.0;44.44;14.69;"";2015;4;22;84.6774193548387
159;"2015-04-22";43;432;38968;40;115;16.23;167.0;47.96;6.85;"";2015;4;22;90.20370370370371
160;"2015-04-22";105;430;35902;66;120;11.7;183.0;46.2;13.25;"";2015;4;22;83.49302325581395
161;"2015-04-22";23;412;35668;9;84;13.5;191.0;46.2;11.9;"";2015;4;22;86.57281553398059
162;"2015-04-22";106;439;40421;66;119;14.3;183.0;47.08;11.5;"";2015;4;22;92.0751708428246
163;"2015-04-23";107;467;41453;60;118;9.73;180.0;46.81;8.15;"";2015;4;23;88.7644539614561
164;"2015-04-23";108;465;38835;14;14;9.03;175.0;46.11;10.5;"";2015;4;23;83.51612903225806
165;"2015-04-23";109;473;39619;43;114;13.1;194.0;46.2;12.7;"";2015;4;23;83.76109936575052
166;"2015-04-23";110;516;39508;66;119;12.7;184.0;44.0;17.7;"";2015;4;23;76.56589147286822
167;"2015-04-23";93;410;35614;9;84;16.36;196.0;48.31;9.55;"";2015;4;23;86.86341463414634
168;"2015-04-24";1;414;39366;66;119;11.4;175.0;45.4;13.05;"";2015;4;24;95.08695652173913
169;"2015-04-24";22;380;33256;60;118;8.53;171.0;46.46;7.9;"";2015;4;24;87.51578947368421
170;"2015-04-24";111;496;39624;66;119;12.06;188.0;46.9;13.25;"";2015;4;24;79.88709677419355
171;"2015-04-25";45;372;33184;41;120;9.96;183.0;47.25;9.95;"";2015;4;25;89.20430107526882
172;"2015-04-25";112;455;40813;60;118;9.5;182.0;48.22;7.6;"";2015;4;25;89.6989010989011
173;"2015-04-25";52;450;39574;19;18;9.96;177.0;47.08;8.9;"";2015;4;25;87.94222222222223
174;"2015-04-25";113;392;34168;9;75;11.16;201.0;49.36;8.8;"";2015;4;25;87.16326530612245
175;"2015-04-27";23;361;33347;9;84;12.4;188.0;45.58;13.8;"";2015;4;27;92.37396121883657
176;"2015-04-27";114;423;39521;60;118;9.43;175.0;45.67;14.6;"";2015;4;27;93.43026004728132
177;"2015-04-27";9;387;34481;9;84;14.26;210.0;45.76;12.9;"";2015;4;27;89.09819121447029
178;"2015-04-28";115;429;39735;60;118;8.53;174.0;48.05;6.8;"";2015;4;28;92.62237762237763
179;"2015-04-28";116;452;39020;66;119;11.8;194.0;44.17;14.9;"";2015;4;28;86.32743362831859
180;"2015-04-28";117;305;29239;1;66;11.23;209.0;43.74;17.3;"";2015;4;28;95.8655737704918
181;"2015-04-29";9;419;36721;9;84;14.3;191.0;46.64;13.0;"";2015;4;29;87.63961813842482
182;"2015-04-29";118;451;39769;37;53;6.63;191.0;47.78;7.05;"";2015;4;29;88.17960088691795
183;"2015-04-30";23;425;36343;9;84;11.53;194.0;47.17;11.5;"";2015;4;30;85.51294117647059
184;"2015-04-30";43;468;40460;35;114;14.43;187.0;43.03;20.9;"";2015;4;30;86.45299145299145
185;"2015-04-30";19;407;35417;9;75;13.0;199.0;47.7;7.75;"";2015;4;30;87.01965601965603
186;"2015-05-02";9;440;39480;9;84;11.54;196.0;48.04;10.0;"";2015;5;2;89.72727272727273
187;"2015-05-04";43;474;40866;56;114;10.5;170.0;46.99;8.1;"";2015;5;4;86.21518987341773
188;"2015-05-04";23;404;35552;9;84;11.5;192.0;45.58;15.7;"";2015;5;4;88.0
189;"2015-05-05";12;390;34846;9;75;10.56;193.0;47.52;9.3;"";2015;5;5;89.34871794871795
190;"2015-05-05";119;434;39786;60;118;7.86;170.0;46.99;6.9;"";2015;5;5;91.67281105990783
191;"2015-05-06";120;455;38577;66;119;12.4;182.0;44.08;17.35;"";2015;5;6;84.78461538461538
192;"2015-05-07";14;425;39227;58;18;12.16;154.0;45.67;9.3;"";2015;5;7;92.29882352941176
193;"2015-05-08";23;400;36056;9;84;11.1;191.0;46.2;11.2;"";2015;5;8;90.14
194;"2015-05-09";12;403;35237;9;75;11.76;181.0;47.08;7.8;"";2015;5;9;87.43672456575682
195;"2015-05-09";121;523;39801;66;119;12.7;190.0;43.2;18.3;"";2015;5;9;76.10133843212238
196;"2015-05-11";122;422;37982;60;118;10.56;167.0;43.91;11.25;"";2015;5;11;90.00473933649289
197;"2015-05-11";23;402;35738;9;84;11.4;199.0;45.06;15.5;"";2015;5;11;88.90049751243781
198;"2015-05-11";123;469;40751;75;14;6.61;196.0;46.29;9.4;"";2015;5;11;86.88912579957356
199;"2015-05-12";124;460;39252;66;119;13.0;191.0;42.15;22.5;"";2015;5;12;85.33043478260869
200;"2015-05-11";19;400;35376;9;75;10.8;180.0;48.31;7.7;"";2015;5;11;88.44
201;"2015-05-12";125;412;38992;60;118;14.3;171.0;44.61;11.55;"";2015;5;12;94.64077669902913
202;"2015-05-12";126;523;40485;11;14;9.26;174.0;41.0;19.2;"";2015;5;12;77.40917782026769
203;"2015-05-13";127;457;34303;66;119;15.46;170.0;44.08;14.7;"";2015;5;13;75.06126914660831
204;"2015-05-13";43;420;37040;7;114;11.5;175.0;46.11;11.85;"";2015;5;13;88.19047619047619
205;"2015-05-15";23;295;25145;9;84;11.33;197.0;47.17;11.0;"";2015;5;15;85.23728813559322
206;"2015-05-15";12;390;35326;9;75;12.06;172.0;49.36;6.7;"";2015;5;15;90.57948717948717
207;"2015-05-15";77;447;40665;9;75;14.36;180.0;48.22;8.2;"";2015;5;15;90.97315436241611
208;"2015-05-16";12;397;34615;9;75;15.1;175.0;46.99;10.7;"";2015;5;16;87.19143576826197
209;"2015-05-16";19;380;34560;9;75;16.6;169.0;48.05;6.9;"";2015;5;16;90.94736842105263
210;"2015-05-16";21;459;37843;66;119;15.36;174.0;43.56;19.4;"";2015;5;16;82.44662309368192
211;"2015-05-18";100;147;13037;32;70;12.86;172.0;46.64;13.0;"";2015;5;18;88.68707482993197
212;"2015-05-18";125;433;38451;60;118;10.5;171.0;45.06;10.2;"";2015;5;18;88.8013856812933
213;"2015-05-18";128;495;39941;66;119;15.23;181.0;45.05;17.3;"";2015;5;18;80.68888888888888
214;"2015-05-19";129;399;34917;9;75;13.3;180.0;46.2;11.25;"";2015;5;19;87.51127819548873
215;"2015-05-21";130;470;40430;66;119;13.3;177.0;44.7;15.3;"";2015;5;21;86.02127659574468
216;"2015-05-23";13;435;36809;66;119;14.6;169.0;44.44;12.95;"";2015;5;23;84.6183908045977
217;"2015-05-26";9;420;36700;44;20;10.5;172.0;44.08;20.5;"";2015;5;26;87.38095238095238
218;"2015-05-26";131;436;36968;71;108;13.93;172.0;40.65;21.05;"";2015;5;26;84.78899082568807
219;"2015-05-28";12;412;36340;36;20;11.56;200.0;47.67;10.1;"";2015;5;28;88.20388349514563
220;"2015-05-28";19;428;36972;36;20;11.46;197.0;47.25;11.95;"";2015;5;28;86.38317757009345
221;"2015-05-29";23;428;36344;44;20;11.59;204.0;43.2;15.3;"";2015;5;29;84.91588785046729
222;"2015-06-01";15;369;37843;21;60;11.1;195.0;42.0;17.2;"";2015;6;1;102.55555555555556
223;"2015-06-04";26;445;35563;71;108;13.0;190.0;41.53;24.2;"";2015;6;4;79.91685393258427
224;"2016-03-10";100;201;18567;32;32;13.0;190.0;47.43;14.09;"525.0";2016;3;10;92.3731343283582
225;"2016-03-10";132;464;40148;66;43;11.6;195.0;47.69;12.4;"550.0";2016;3;10;86.52586206896552
226;"2016-03-10";18;376;35584;82;107;8.53;198.0;46.46;12.2;"575.0";2016;3;10;94.63829787234043
227;"2016-03-14";133;467;40817;66;43;12.6;200.0;45.84;15.6;"580.0";2016;3;14;87.40256959314775
228;"2016-03-14";134;271;26433;32;32;11.9;185.0;48.04;9.9;"550.0";2016;3;14;97.53874538745387
229;"2016-03-14";135;442;40866;19;34;10.5;196.0;47.34;9.8;"600.0";2016;3;14;92.45701357466064
230;"2016-03-15";136;474;40050;66;43;18.0;189.0;45.4;12.8;"590.0";2016;3;15;84.49367088607595
231;"2016-03-16";137;441;39559;66;43;14.0;187.0;46.11;13.9;"590.0";2016;3;16;89.70294784580499
232;"2016-03-16";73;416;40088;82;107;21.2;174.0;44.35;14.8;"600.0";2016;3;16;96.36538461538461
233;"2016-03-17";138;446;36998;87;43;13.2;187.0;46.28;13.3;"590.0";2016;3;17;82.95515695067265
234;"2016-03-17";139;423;37573;87;43;12.3;194.0;46.12;14.3;"590.0";2016;3;17;88.82505910165484
235;"2016-03-17";9;367;34629;9;79;10.06;189.0;45.4;11.8;"600.0";2016;3;17;94.35694822888283
236;"2016-03-18";18;391;35489;82;107;13.2;195.0;46.37;16.1;"600.0";2016;3;18;90.76470588235294
237;"2016-03-18";140;480;37532;66;43;11.9;196.0;47.87;15.0;"600.0";2016;3;18;78.19166666666666
238;"2016-03-18";141;469;40407;66;43;9.6;205.0;46.9;14.4;"600.0";2016;3;18;86.15565031982942
239;"2016-03-18";142;403;36721;87;43;13.2;194.0;47.16;13.2;"600.0";2016;3;18;91.11910669975187
240;"2016-03-18";143;485;39559;9;73;10.23;200.0;46.37;14.1;"600.0";2016;3;18;81.56494845360825
241;"2016-03-19";100;181;17899;32;32;9.8;190.0;46.64;16.0;"590.0";2016;3;19;98.88950276243094
242;"2016-03-19";144;445;40295;66;44;14.1;200.0;49.93;14.0;"600.0";2016;3;19;90.5505617977528
243;"2016-03-19";145;440;38660;87;45;13.2;192.0;45.67;13.8;"600.0";2016;3;19;87.86363636363636
244;"2016-03-19";13;427;37773;55;4;11.2;205.0;46.11;15.0;"600.0";2016;3;19;88.46135831381733
245;"2016-03-21";137;459;40333;66;43;14.7;196.0;45.58;15.8;"600.0";2016;3;21;87.87145969498911
246;"2016-03-21";146;430;36666;66;43;15.3;201.0;42.32;19.1;"600.0";2016;3;21;85.26976744186047
247;"2016-03-21";20;468;41192;11;12;11.7;195.0;42.94;22.3;"610.0";2016;3;21;88.01709401709402
248;"2016-03-21";139;420;36760;66;43;15.56;192.0;46.64;16.0;"600.0";2016;3;21;87.52380952380952
249;"2016-03-21";147;432;39708;78;96;14.8;192.0;46.46;17.5;"610.0";2016;3;21;91.91666666666667
250;"2016-03-21";9;380;35176;9;79;12.1;190.0;45.49;15.5;"610.0";2016;3;21;92.56842105263158
251;"2016-03-21";12;369;34651;9;72;13.46;195.0;47.16;12.6;"610.0";2016;3;21;93.90514905149051
252;"2016-03-22";148;338;28882;43;29;14.5;176.0;45.05;12.7;"610.0";2016;3;22;85.44970414201184
253;"2016-03-24";149;376;34692;66;45;14.36;189.0;44.52;14.0;"600.0";2016;3;24;92.26595744680851
254;"2016-03-24";146;463;38321;66;43;10.61;196.0;45.58;16.1;"600.0";2016;3;24;82.76673866090712
255;"2016-03-24";13;450;38358;66;43;11.5;190.0;46.81;12.6;"600.0";2016;3;24;85.24
256;"2016-03-24";150;379;34517;9;72;13.4;182.0;46.11;10.9;"625.0";2016;3;24;91.07387862796834
257;"2016-03-24";26;458;37878;85;4;13.3;190.0;44.88;20.0;"600.0";2016;3;24;82.70305676855895
258;"2016-03-25";151;403;35273;87;43;14.16;190.0;44.17;22.9;"610.0";2016;3;25;87.52605459057072
259;"2016-03-25";23;343;31901;9;79;13.3;188.0;46.28;11.2;"625.0";2016;3;25;93.00583090379008
260;"2016-03-25";9;397;36011;9;79;14.2;186.0;46.72;11.8;"625.0";2016;3;25;90.70780856423174
261;"2016-03-26";53;445;37975;85;103;13.1;190.0;44.7;16.8;"625.0";2016;3;26;85.33707865168539
262;"2016-03-26";152;451;38765;31;96;10.3;189.0;45.76;7.5;"620.0";2016;3;26;85.95343680709534
263;"2016-03-26";153;395;35129;32;126;13.1;182.0;44.88;16.0;"610.0";2016;3;26;88.93417721518988
264;"2016-03-26";137;444;39972;66;43;10.93;206.0;45.93;9.5;"610.0";2016;3;26;90.02702702702703
265;"2016-03-26";90;395;35161;66;43;13.0;201.0;45.05;14.7;"610.0";2016;3;26;89.01518987341773
266;"2016-03-28";149;431;37909;66;43;13.5;190.0;44.44;15.0;"610.0";2016;3;28;87.95591647331787
267;"2016-03-28";146;452;38084;66;43;14.0;206.0;45.05;13.5;"610.0";2016;3;28;84.2566371681416
268;"2016-03-29";139;403;36773;87;43;16.0;180.0;45.4;14.5;"620.0";2016;3;29;91.24813895781638
269;"2016-03-29";154;203;19337;32;32;10.93;182.0;47.34;9.5;"610.0";2016;3;29;95.25615763546799
270;"2016-03-29";155;389;38319;79;132;12.6;196.0;45.23;15.7;"620.0";2016;3;29;98.50642673521851
271;"2016-03-29";126;458;40322;11;94;10.4;176.0;45.84;13.1;"630.0";2016;3;29;88.03930131004367
272;"2016-03-30";156;455;40213;82;26;12.0;192.0;45.76;14.0;"620.0";2016;3;30;88.38021978021978
273;"2016-03-31";26;435;38073;66;43;11.8;206.0;46.99;16.6;"620.0";2016;3;31;87.52413793103449
274;"2016-03-31";157;516;40088;35;78;14.0;192.0;46.46;17.2;"620.0";2016;3;31;77.68992248062015
275;"2016-03-31";158;502;40034;35;78;15.0;170.0;37.13;19.0;"620.0";2016;3;31;79.74900398406375
276;"2016-03-31";145;357;32115;49;88;15.1;182.0;42.94;22.0;"620.0";2016;3;31;89.95798319327731
277;"2016-04-02";140;421;37889;66;43;14.0;192.0;45.93;11.3;"640.0";2016;4;2;89.99762470308788
278;"2016-04-02";137;460;40204;66;43;13.7;209.0;43.47;17.8;"640.0";2016;4;2;87.4
279;"2016-04-02";141;462;39710;66;43;12.2;192.0;44.0;16.2;"640.0";2016;4;2;85.95238095238095
280;"2016-04-02";139;415;35881;87;43;12.0;192.0;40.12;26.4;"640.0";2016;4;2;86.46024096385543
281;"2016-04-02";13;428;36148;39;101;13.63;192.0;45.49;12.9;"640.0";2016;4;2;84.45794392523365
282;"2016-04-04";146;460;37640;66;43;14.3;210.0;43.64;19.8;"640.0";2016;4;4;81.82608695652173
283;"2016-04-04";150;374;34082;8;72;13.0;204.0;46.46;12.6;"640.0";2016;4;4;91.1283422459893
284;"2016-04-04";159;454;40694;13;94;13.07;200.0;45.76;20.0;"650.0";2016;4;4;89.63436123348018
285;"2016-04-04";18;395;34701;82;107;13.6;198.0;46.81;16.0;"640.0";2016;4;4;87.85063291139241
286;"2016-04-04";160;465;40355;82;26;11.0;206.0;44.35;20.0;"640.0";2016;4;4;86.78494623655914
287;"2016-04-04";100;119;12033;87;82;10.71;196.0;46.11;13.5;"640.0";2016;4;4;101.11764705882354
288;"2016-04-04";161;360;32756;43;80;11.8;192.0;46.81;12.8;"640.0";2016;4;4;90.9888888888889
289;"2016-04-04";162;397;34867;9;65;15.3;190.0;46.46;11.0;"640.0";2016;4;4;87.82619647355163
290;"2016-04-05";163;386;35062;60;10;11.8;196.0;45.58;9.0;"650.0";2016;4;5;90.83419689119171
291;"2016-04-05";52;437;39839;57;92;13.6;195.0;46.64;14.2;"660.0";2016;4;5;91.16475972540046
292;"2016-04-05";164;424;39028;57;39;13.0;200.0;47.34;9.2;"650.0";2016;4;5;92.04716981132076
293;"2016-04-05";165;415;36233;87;43;14.5;196.0;43.82;19.1;"650.0";2016;4;5;87.30843373493975
294;"2016-04-06";49;422;37782;11;12;16.2;192.0;41.62;26.1;"670.0";2016;4;6;89.5308056872038
295;"2016-04-06";166;417;36051;66;43;12.1;203.0;44.52;16.4;"660.0";2016;4;6;86.45323741007195
296;"2016-04-06";167;368;33464;32;32;11.1;188.0;44.8;17.1;"660.0";2016;4;6;90.93478260869566
297;"2016-04-07";20;480;40824;11;28;13.2;193.0;43.64;23.5;"670.0";2016;4;7;85.05
298;"2016-04-07";9;400;35980;9;63;14.6;205.0;44.7;15.3;"660.0";2016;4;7;89.95
299;"2016-04-08";146;424;38932;66;43;12.6;206.0;43.2;18.6;"675.0";2016;4;8;91.82075471698113
300;"2016-04-08";168;489;40647;32;125;12.3;202.0;42.59;23.2;"650.0";2016;4;8;83.12269938650307
301;"2016-04-08";153;484;42952;32;125;16.0;206.0;40.48;23.3;"650.0";2016;4;8;88.74380165289256
302;"2016-04-09";169;415;37945;87;101;14.33;192.0;40.04;21.9;"675.0";2016;4;9;91.43373493975903
303;"2016-04-09";170;469;43487;60;61;8.8;198.0;45.76;9.4;"675.0";2016;4;9;92.7228144989339
304;"2016-04-09";171;437;37435;66;43;15.6;196.0;43.16;20.2;"675.0";2016;4;9;85.66361556064074
305;"2016-04-11";172;420;36580;87;43;16.0;196.0;41.71;21.6;"675.0";2016;4;11;87.0952380952381
306;"2016-04-11";173;400;34620;9;65;20.0;200.0;42.41;20.6;"685.0";2016;4;11;86.55
307;"2016-04-11";174;450;40306;11;40;12.0;192.0;45.49;17.3;"695.0";2016;4;11;89.56888888888889
308;"2016-04-11";175;444;38808;49;89;11.2;192.0;46.81;11.9;"700.0";2016;4;11;87.4054054054054
309;"2016-04-11";156;535;41985;82;27;12.6;198.0;41.97;23.9;"690.0";2016;4;11;78.4766355140187
310;"2016-04-11";176;393;41567;79;78;14.2;194.0;38.89;26.6;"700.0";2016;4;11;105.76844783715013
311;"2016-04-11";9;399;34545;9;65;13.0;200.0;45.4;17.3;"700.0";2016;4;11;86.57894736842105
312;"2016-04-11";177;499;42501;50;96;13.0;192.0;45.23;16.7;"695.0";2016;4;11;85.17234468937876
313;"2016-04-11";178;433;40599;79;78;11.6;194.0;46.64;13.4;"700.0";2016;4;11;93.7621247113164
314;"2016-04-11";179;458;40598;60;81;12.0;204.0;45.76;10.4;"700.0";2016;4;11;88.64192139737992
315;"2016-04-11";26;414;36586;52;101;15.0;192.0;42.76;15.6;"690.0";2016;4;11;88.3719806763285
316;"2016-04-11";53;408;36188;66;101;12.0;192.0;46.99;15.7;"690.0";2016;4;11;88.69607843137256
317;"2016-04-12";20;470;41078;11;94;14.0;192.0;46.11;19.1;"700.0";2016;4;12;87.4
318;"2016-04-12";180;344;30672;43;105;16.0;190.0;43.73;20.2;"700.0";2016;4;12;89.16279069767442
319;"2016-04-12";181;473;39607;39;78;14.6;194.0;40.12;23.1;"700.0";2016;4;12;83.73572938689217
320;"2016-04-12";182;375;31341;43;95;14.7;180.0;44.0;23.4;"700.0";2016;4;12;83.576
321;"2016-04-12";168;489;41067;82;91;13.0;208.0;46.46;16.2;"690.0";2016;4;12;83.98159509202453
322;"2016-04-12";167;382;34222;32;33;12.7;189.0;44.88;18.8;"685.0";2016;4;12;89.58638743455498
323;"2016-04-12";138;448;37828;87;43;12.4;210.0;43.13;22.8;"690.0";2016;4;12;84.4375
324;"2016-04-12";183;412;36872;60;49;11.4;192.0;45.23;12.8;"690.0";2016;4;12;89.49514563106796
325;"2016-04-13";184;427;39813;60;100;10.6;182.0;48.22;6.7;"700.0";2016;4;13;93.23887587822014
326;"2016-04-13";150;396;35644;9;72;10.4;196.0;46.2;14.2;"700.0";2016;4;13;90.01010101010101
327;"2016-04-13";185;506;40858;48;98;11.0;189.0;44.63;11.4;"690.0";2016;4;13;80.74703557312253
328;"2016-04-13";186;419;36677;66;42;13.0;193.0;41.88;18.9;"690.0";2016;4;13;87.5346062052506
329;"2016-04-13";19;389;35051;9;72;11.0;190.0;46.64;7.9;"700.0";2016;4;13;90.10539845758355
330;"2016-04-13";126;483;40457;38;94;12.0;190.0;44.88;11.1;"700.0";2016;4;13;83.76190476190476
331;"2016-04-13";187;465;39823;66;43;14.49;197.0;44.44;18.1;"690.0";2016;4;13;85.64086021505376
332;"2016-04-13";188;434;38430;57;107;12.0;192.0;45.93;12.0;"690.0";2016;4;13;88.54838709677419
333;"2016-04-13";189;457;40271;60;100;11.0;190.0;44.35;11.0;"700.0";2016;4;13;88.12035010940919
334;"2016-04-13";140;427;37581;66;43;13.0;204.0;45.4;15.2;"690.0";2016;4;13;88.01170960187353
335;"2016-04-14";22;440;39060;66;43;15.0;193.0;44.2;18.1;"690.0";2016;4;14;88.77272727272727
336;"2016-04-14";171;396;35620;87;43;14.2;196.0;43.4;17.2;"690.0";2016;4;14;89.94949494949495
337;"2016-04-14";190;390;33118;87;43;13.6;190.0;42.24;24.3;"690.0";2016;4;14;84.91794871794872
338;"2016-04-14";169;392;33652;85;104;13.0;178.0;42.32;17.9;"690.0";2016;4;14;85.84693877551021
339;"2016-04-14";191;380;34188;9;72;13.0;182.0;46.11;12.0;"700.0";2016;4;14;89.96842105263158
340;"2016-04-14";192;390;34338;9;72;12.0;190.0;47.69;11.7;"700.0";2016;4;14;88.04615384615384
341;"2016-04-14";193;446;39690;50;97;9.6;188.0;46.2;12.3;"695.0";2016;4;14;88.99103139013452
342;"2016-04-14";194;443;37845;18;104;13.1;198.0;42.23;16.2;"690.0";2016;4;14;85.42889390519187
343;"2016-04-14";195;472;40484;38;94;10.7;194.0;44.3;17.1;"700.0";2016;4;14;85.77118644067797
344;"2016-04-15";146;453;38631;66;43;11.7;196.0;42.85;19.9;"690.0";2016;4;15;85.27814569536424
345;"2016-04-15";13;431;36937;66;101;12.0;196.0;46.28;11.1;"690.0";2016;4;15;85.70069605568446
346;"2016-04-15";196;210;19590;73;99;16.2;192.0;41.8;27.8;"690.0";2016;4;15;93.28571428571429
347;"2016-04-15";197;465;37235;82;31;13.0;196.0;46.64;15.7;"690.0";2016;4;15;80.0752688172043
348;"2016-04-15";198;441;36715;39;59;13.1;194.0;45.32;15.4;"690.0";2016;4;15;83.25396825396825
349;"2016-04-15";156;489;40171;82;27;13.0;198.0;45.4;19.7;"680.0";2016;4;15;82.14928425357873
350;"2016-04-15";186;422;35802;87;43;13.0;192.0;45.05;19.3;"680.0";2016;4;15;84.8388625592417
351;"2016-04-16";53;422;37014;39;104;14.0;189.0;40.12;22.6;"690.0";2016;4;16;87.71090047393365
352;"2016-04-16";9;412;37772;9;65;14.0;180.0;45.76;14.0;"690.0";2016;4;16;91.67961165048544
353;"2016-04-16";199;452;39156;82;91;14.0;198.0;43.47;22.3;"680.0";2016;4;16;86.6283185840708
354;"2016-04-16";200;453;38395;84;43;14.0;188.0;44.08;20.9;"690.0";2016;4;16;84.75717439293598
355;"2016-04-16";173;399;37609;9;65;13.0;188.0;47.16;11.2;"685.0";2016;4;16;94.25814536340852
356;"2016-04-16";14;435;39721;78;92;13.5;174.0;45.23;13.8;"695.0";2016;4;16;91.31264367816092
357;"2016-04-18";186;447;37861;66;43;12.3;192.0;42.68;21.0;"685.0";2016;4;18;84.70022371364654
358;"2016-04-18";165;470;39298;66;43;12.0;212.0;41.8;24.3;"685.0";2016;4;18;83.61276595744681
359;"2016-04-18";150;377;33899;9;74;12.16;198.0;45.76;14.9;"690.0";2016;4;18;89.91777188328912
360;"2016-04-18";136;410;39562;66;43;12.7;194.0;45.05;16.6;"685.0";2016;4;18;96.49268292682927
361;"2016-04-18";9;423;37285;9;65;14.0;194.0;41.27;23.8;"690.0";2016;4;18;88.14420803782505
362;"2016-04-18";72;480;41824;11;94;12.0;206.0;45.4;18.7;"695.0";2016;4;18;87.13333333333334
363;"2016-04-18";169;460;37400;18;46;13.0;204.0;41.8;26.8;"685.0";2016;4;18;81.30434782608695
364;"2016-04-18";174;434;37122;11;41;12.0;188.0;47.16;13.8;"695.0";2016;4;18;85.53456221198157
365;"2016-04-18";201;467;37833;18;46;14.0;200.0;41.0;31.7;"685.0";2016;4;18;81.01284796573876
366;"2016-04-18";19;391;34509;9;72;12.0;173.0;46.64;8.3;"690.0";2016;4;18;88.25831202046035
367;"2016-04-18";156;465;39879;32;124;13.0;184.0;40.48;31.2;"680.0";2016;4;18;85.76129032258065
368;"2016-04-19";202;452;39956;11;94;12.0;200.0;42.41;25.2;"695.0";2016;4;19;88.39823008849558
369;"2016-04-19";23;370;32130;9;65;12.5;212.0;43.82;19.2;"690.0";2016;4;19;86.83783783783784
370;"2016-04-19";167;449;40583;32;32;12.7;192.0;47.25;19.0;"685.0";2016;4;19;90.38530066815144
371;"2016-04-19";173;411;36393;9;65;13.0;208.0;42.59;19.4;"690.0";2016;4;19;88.54744525547446
372;"2016-04-19";190;455;34153;18;43;13.0;200.0;39.86;29.1;"685.0";2016;4;19;75.06153846153846
373;"2016-04-19";146;449;37819;66;43;13.0;190.0;46.99;16.4;"685.0";2016;4;19;84.22939866369711
374;"2016-04-20";171;437;36327;66;43;14.5;185.0;39.95;26.4;"685.0";2016;4;20;83.12814645308924
375;"2016-04-20";161;380;34256;43;80;12.06;174.0;45.49;15.5;"690.0";2016;4;20;90.14736842105263
376;"2016-04-20";144;469;38175;66;43;12.0;208.0;41.71;27.1;"685.0";2016;4;20;81.39658848614073
377;"2016-04-20";13;500;37372;82;31;12.4;216.0;45.67;17.8;"685.0";2016;4;20;74.744
378;"2016-04-20";138;455;36993;66;43;11.0;204.0;43.29;21.2;"685.0";2016;4;20;81.30329670329671
379;"2016-04-20";126;474;39994;38;94;10.0;192.0;44.35;13.8;"695.0";2016;4;20;84.37552742616033
380;"2016-04-20";168;450;40422;32;124;12.0;192.0;46.81;13.0;"680.0";2016;4;20;89.82666666666667
381;"2016-04-20";22;391;35709;62;49;12.0;176.0;46.64;9.2;"685.0";2016;4;20;91.32736572890026
382;"2016-04-20";140;416;35860;18;43;10.7;192.0;41.36;23.4;"685.0";2016;4;20;86.20192307692308
383;"2016-04-21";53;432;37564;39;102;12.6;176.0;43.12;17.4;"680.0";2016;4;21;86.95370370370371
384;"2016-04-21";186;411;34945;87;43;15.6;194.0;39.42;26.1;"685.0";2016;4;21;85.02433090024331
385;"2016-04-21";165;448;36156;87;43;19.0;198.0;39.24;32.7;"685.0";2016;4;21;80.70535714285714
386;"2016-04-21";203;440;38828;82;31;12.6;208.0;41.88;23.4;"685.0";2016;4;21;88.24545454545455
387;"2016-04-21";204;363;28649;87;47;12.0;200.0;42.24;24.0;"685.0";2016;4;21;78.9228650137741
388;"2016-04-22";170;463;42497;60;61;11.0;192.0;44.17;15.8;"685.0";2016;4;22;91.78617710583153
389;"2016-04-22";52;454;40154;54;96;13.0;195.0;46.28;15.7;"695.0";2016;4;22;88.44493392070484
390;"2016-04-22";205;522;41482;66;43;12.4;210.0;43.12;18.8;"685.0";2016;4;22;79.46743295019157
391;"2016-04-23";138;446;36318;87;43;12.2;196.0;47.52;16.2;"685.0";2016;4;23;81.4304932735426
392;"2016-04-23";137;466;39822;66;43;12.0;200.0;42.94;22.0;"685.0";2016;4;23;85.45493562231759
393;"2016-04-23";206;435;35729;87;43;13.0;205.0;46.8;14.8;"685.0";2016;4;23;82.13563218390804
394;"2016-04-23";156;474;39844;32;124;12.7;196.0;44.8;18.2;"680.0";2016;4;23;84.05907172995781
395;"2016-04-23";13;470;37662;82;31;14.0;210.0;43.64;25.1;"680.0";2016;4;23;80.13191489361702
396;"2016-04-23";22;451;37949;66;43;14.0;192.0;42.41;24.6;"685.0";2016;4;23;84.14412416851441
397;"2016-04-23";14;434;39622;78;96;14.3;192.0;46.11;16.4;"695.0";2016;4;23;91.29493087557604
398;"2016-04-25";190;369;32715;60;50;11.0;174.0;43.12;16.1;"650.0";2016;4;25;88.65853658536585
399;"2016-04-25";207;482;40878;66;43;12.2;193.0;41.44;22.7;"650.0";2016;4;25;84.80912863070539
400;"2016-04-26";208;428;36632;87;43;13.5;191.0;41.09;23.6;"650.0";2016;4;26;85.58878504672897
401;"2016-04-27";138;414;36618;87;43;13.0;194.0;38.36;31.8;"650.0";2016;4;27;88.44927536231884
402;"2016-04-27";161;365;32331;43;80;12.5;184.0;46.72;10.6;"675.0";2016;4;27;88.57808219178082
403;"2016-04-27";209;479;39429;82;27;12.0;220.0;45.76;17.7;"640.0";2016;4;27;82.3152400835073
404;"2016-04-27";20;476;41080;11;28;14.0;200.0;42.85;25.6;"680.0";2016;4;27;86.30252100840336
405;"2016-04-27";150;406;35370;9;72;13.0;180.0;46.55;11.7;"690.0";2016;4;27;87.11822660098522
406;"2016-04-27";210;450;38214;32;32;14.0;180.0;45.49;18.0;"650.0";2016;4;27;84.92
407;"2016-04-27";146;434;37530;66;43;14.0;170.0;36.43;57.5;"650.0";2016;4;27;86.47465437788019
408;"2016-04-27";211;482;40126;38;28;12.4;178.0;42.5;12.5;"680.0";2016;4;27;83.24896265560166
409;"2016-04-27";5;563;41169;66;43;12.0;201.0;40.12;26.3;"650.0";2016;4;27;73.12433392539964
410;"2016-04-27";173;436;38084;9;63;13.0;180.0;42.76;18.3;"675.0";2016;4;27;87.34862385321101
411;"2016-04-28";192;394;35010;9;72;13.0;191.0;43.38;21.9;"680.0";2016;4;28;88.85786802030456
412;"2016-04-28";164;396;37820;69;39;12.7;189.0;47.16;20.1;"650.0";2016;4;28;95.5050505050505
413;"2016-04-29";212;473;40535;38;28;13.0;198.0;44.26;14.5;"675.0";2016;4;29;85.69767441860465
414;"2016-04-29";22;515;41273;66;48;15.5;184.0;43.73;20.2;"650.0";2016;4;29;80.14174757281553
415;"2016-04-29";150;395;34905;9;72;14.69;199.0;44.08;21.2;"680.0";2016;4;29;88.36708860759494
416;"2016-04-30";23;390;33046;9;63;17.0;189.0;39.51;27.5;"640.0";2016;4;30;84.73333333333333
417;"2016-04-30";9;429;35731;9;63;14.0;188.0;42.5;22.4;"640.0";2016;4;30;83.28904428904428
418;"2016-04-30";90;480;39616;66;43;13.0;190.0;46.11;14.4;"650.0";2016;4;30;82.53333333333333
419;"2016-04-30";138;409;35259;87;43;13.7;202.0;42.41;25.4;"650.0";2016;4;30;86.20782396088019
420;"2016-05-03";186;459;39785;60;49;12.6;192.0;43.64;14.6;"650.0";2016;5;3;86.67755991285404
421;"2016-05-03";53;419;36265;85;104;16.16;188.0;43.64;20.4;"660.0";2016;5;3;86.55131264916467
422;"2016-05-03";213;322;28626;16;28;15.0;186.0;43.82;17.9;"660.0";2016;5;3;88.90062111801242
423;"2016-05-03";138;436;38112;87;43;14.6;196.0;43.64;20.4;"650.0";2016;5;3;87.41284403669725
424;"2016-05-04";146;478;38074;66;43;13.7;188.0;40.3;27.6;"650.0";2016;5;4;79.65271966527196
425;"2016-05-04";214;406;37790;32;32;15.5;198.0;44.17;17.6;"650.0";2016;5;4;93.07881773399015
426;"2016-05-04";13;425;37367;39;104;12.0;192.0;45.93;13.4;"660.0";2016;5;4;87.92235294117647
427;"2016-05-04";190;420;34624;66;43;14.0;191.0;41.97;23.3;"650.0";2016;5;4;82.43809523809524
428;"2016-05-04";150;396;35160;9;72;14.0;184.0;45.4;11.9;"670.0";2016;5;4;88.78787878787878
429;"2016-05-04";215;492;40264;11;28;13.66;198.0;40.12;31.2;"595.0";2016;5;4;81.83739837398375
430;"2016-05-04";137;489;39971;66;43;12.0;188.0;43.82;16.8;"650.0";2016;5;4;81.7402862985685
431;"2016-05-04";216;235;20697;32;32;10.0;188.0;43.47;16.9;"650.0";2016;5;4;88.07234042553192
432;"2016-05-05";217;432;35688;9;63;15.4;198.0;41.8;25.7;"640.0";2016;5;5;82.61111111111111
433;"2016-05-05";26;492;37632;26;104;13.7;198.0;42.32;23.8;"630.0";2016;5;5;76.48780487804878
434;"2016-05-05";218;456;40780;19;97;16.5;188.0;44.26;17.9;"650.0";2016;5;5;89.4298245614035
435;"2016-05-05";20;481;40735;11;28;14.0;188.0;40.3;30.6;"660.0";2016;5;5;84.6881496881497
436;"2016-05-05";219;471;41057;60;58;14.03;187.0;45.05;12.4;"650.0";2016;5;5;87.16985138004246
437;"2016-05-05";161;390;34274;43;80;14.6;182.0;43.64;17.7;"675.0";2016;5;5;87.88205128205128
438;"2016-05-05";12;398;36090;9;72;16.0;200.0;46.46;16.5;"670.0";2016;5;5;90.678391959799
439;"2016-05-06";166;455;37453;66;43;13.0;198.0;43.56;28.4;"630.0";2016;5;6;82.31428571428572
440;"2016-05-07";190;490;41094;66;43;14.96;190.0;42.76;18.4;"630.0";2016;5;7;83.86530612244898
441;"2016-05-07";220;426;36302;87;43;15.0;198.0;46.55;16.9;"630.0";2016;5;7;85.21596244131456
442;"2016-05-07";221;464;39952;50;97;22.47;180.0;43.47;21.4;"625.0";2016;5;7;86.10344827586206
443;"2016-05-09";171;421;36615;60;49;16.0;170.0;42.24;16.8;"640.0";2016;5;9;86.97149643705463
444;"2016-05-09";90;417;36803;87;43;16.0;193.0;40.65;24.5;"640.0";2016;5;9;88.25659472422062
445;"2016-05-09";19;397;35455;9;72;9.7;206.0;46.46;13.8;"665.0";2016;5;9;89.3073047858942
446;"2016-05-10";12;392;34828;9;72;13.6;184.0;45.23;18.0;"665.0";2016;5;10;88.84693877551021
447;"2016-05-10";222;451;40117;82;97;10.0;200.0;45.76;15.6;"620.0";2016;5;10;88.95121951219512
448;"2016-05-11";223;446;39442;60;49;13.3;190.0;44.52;16.2;"620.0";2016;5;11;88.43497757847534
449;"2016-05-12";169;430;36110;39;104;14.7;190.0;46.06;14.6;"600.0";2016;5;12;83.97674418604652
450;"2016-05-12";9;234;19098;9;63;12.0;195.0;43.47;19.1;"625.0";2016;5;12;81.61538461538461
451;"2016-05-12";138;404;35844;87;43;12.0;198.0;44.52;29.1;"610.0";2016;5;12;88.72277227722772
452;"2016-05-13";190;504;38520;66;43;13.4;190.0;43.82;20.5;"610.0";2016;5;13;76.42857142857143
453;"2016-05-13";186;500;40644;66;43;17.03;190.0;45.32;15.7;"610.0";2016;5;13;81.288
454;"2016-05-13";192;382;34710;9;72;13.7;192.0;45.49;17.3;"625.0";2016;5;13;90.86387434554973
455;"2016-05-13";224;469;39211;60;49;13.6;190.0;45.4;20.6;"620.0";2016;5;13;83.60554371002132
456;"2016-05-16";19;398;35450;9;72;11.8;200.0;44.17;10.8;"625.0";2016;5;16;89.07035175879398
457;"2016-05-16";192;384;34276;9;72;12.6;198.0;44.96;19.6;"625.0";2016;5;16;89.26041666666667
458;"2016-05-17";13;435;37197;39;104;15.5;192.0;46.11;17.0;"600.0";2016;5;17;85.51034482758621
459;"2016-05-18";225;394;35662;9;72;15.66;204.0;47.16;11.5;"615.0";2016;5;18;90.51269035532995
460;"2016-05-18";186;470;40011;60;49;10.0;172.0;44.17;15.6;"615.0";2016;5;18;85.12978723404255
461;"2016-05-19";226;432;35808;87;43;11.8;180.0;41.71;23.4;"615.0";2016;5;19;82.88888888888889
462;"2016-05-23";207;422;36858;87;43;12.7;192.0;41.18;25.5;"600.0";2016;5;23;87.34123222748815
463;"2016-05-25";190;477;41663;60;49;17.03;189.0;40.04;15.8;"600.0";2016;5;25;87.34381551362684
464;"2016-06-01";227;429;35627;87;43;16.4;200.0;39.0;33.6;"630.0";2016;6;1;83.04662004662005
465;"2016-06-07";228;422;36742;50;38;13.2;204.0;40.1;27.2;"600.0";2016;6;7;87.06635071090048
